ASN,numIPs,numMineCraftServers,percentage
AS16276,4419584,20084,0.4544
AS31898,3333120,16677,0.5003
AS8100,603328,11012,1.8252
AS24940,2484224,7075,0.2848
AS58791,103424,6794,6.5691
AS7922,70111232,6134,0.0087
AS7979,389888,5443,1.3960
AS3320,36068352,4232,0.0117
AS131965,130304,4213,3.2332
AS7018,113819137,3831,0.0034
AS399244,8192,3338,40.7471
AS199610,68352,2650,3.8770
AS701,43156992,2403,0.0056
AS44486,27904,2220,7.9558
AS51167,458496,2154,0.4698
AS45090,11867392,1952,0.0164
AS8560,757760,1910,0.2521
AS396982,29067520,1900,0.0065
AS36352,735744,1731,0.2353
AS20115,13339136,1675,0.0126
AS197540,153856,1624,1.0555
AS3209,15758848,1594,0.0101
AS4134,111802880,1514,0.0014
AS14061,2963200,1363,0.0460
AS37963,21440512,1288,0.0060
AS56876,43520,1272,2.9228
AS4766,69903360,1224,0.0018
AS22773,23317248,1202,0.0052
AS577,7053056,1192,0.0169
AS7506,263680,1183,0.4486
AS209,26284800,1124,0.0043
AS60068,100352,1104,1.1001
AS5089,24718848,1044,0.0042
AS20860,426752,988,0.2315
AS201971,7168,977,13.6300
AS10796,10282496,957,0.0093
AS3462,16368896,936,0.0057
AS30823,34048,925,2.7168
AS8075,66282240,881,0.0013
AS12322,19374080,878,0.0045
AS3215,20059648,868,0.0043
AS63949,1031424,836,0.0811
AS5650,13433600,818,0.0061
AS8881,2167552,805,0.0371
AS1136,6785536,703,0.0104
AS24961,133376,702,0.5263
AS852,4826624,700,0.0145
AS30456,3840,696,18.1250
AS2856,16537600,694,0.0042
AS207083,12288,683,5.5583
AS4837,58991872,681,0.0012
AS16591,3348736,674,0.0201
AS6805,8350976,671,0.0080
AS23470,67584,668,0.9884
AS9318,25753600,652,0.0025
AS33915,11389952,591,0.0052
AS6327,14497280,552,0.0038
AS6724,166400,551,0.3311
AS4764,576768,548,0.0950
AS17676,52556032,536,0.0010
AS45671,122624,531,0.4330
AS8473,591360,504,0.0852
AS20001,7722496,487,0.0063
AS64199,768,485,63.1510
AS199414,1792,471,26.2835
AS11351,4721152,470,0.0100
AS20055,765184,468,0.0612
AS7545,5548544,460,0.0083
AS40021,116736,456,0.3906
AS20473,1223680,450,0.0368
AS2119,6897680,431,0.0062
AS11427,5402624,430,0.0080
AS2516,18154496,422,0.0023
AS55990,1295104,410,0.0317
AS1221,13410816,408,0.0030
AS50266,2068992,406,0.0196
AS9145,924416,403,0.0436
AS3269,22725888,402,0.0018
AS2527,3851264,397,0.0103
AS812,9517824,395,0.0042
AS3352,10552576,390,0.0037
AS136188,157184,372,0.2367
AS174,55053056,371,0.0007
AS5410,7092224,366,0.0052
AS5617,8444928,358,0.0042
AS3301,6625792,354,0.0053
AS58212,21504,351,1.6323
AS11426,5062912,335,0.0066
AS33363,6536960,320,0.0049
AS5607,8187648,320,0.0039
AS29695,1213952,315,0.0259
AS200482,2816,314,11.1506
AS5769,4986733,314,0.0063
AS8151,22872800,313,0.0014
AS210538,6144,307,4.9967
AS6848,2291200,302,0.0132
AS16509,49687808,294,0.0006
AS141679,71680,293,0.4088
AS8708,1937664,287,0.0148
AS8447,2833152,284,0.0100
AS5430,232960,283,0.1215
AS4713,28694016,281,0.0010
AS6128,7287808,281,0.0039
AS5483,1484800,276,0.0186
AS212238,550144,275,0.0500
AS48314,34816,272,0.7812
AS5378,2793216,266,0.0095
AS11492,1314816,258,0.0196
AS12876,544768,257,0.0472
AS212027,7168,251,3.5017
AS4181,2649856,251,0.0095
AS7418,3033088,251,0.0083
AS42730,35584,243,0.6829
AS19108,7121920,242,0.0034
AS30600,283392,237,0.0836
AS6167,13966592,235,0.0017
AS38195,186624,233,0.1248
AS8412,2895872,232,0.0080
AS6730,4065280,231,0.0057
AS213230,164352,228,0.1387
AS57269,157184,228,0.1451
AS15557,15872512,222,0.0014
AS855,2058240,222,0.0108
AS20845,632832,217,0.0343
AS9123,183049,216,0.1180
AS1257,7352320,214,0.0029
AS16086,1825280,214,0.0117
AS3303,8165888,213,0.0026
AS45062,236800,212,0.0895
AS11232,934400,208,0.0223
AS199524,96512,208,0.2155
AS4812,12627456,208,0.0016
AS5432,6410752,203,0.0032
AS213250,10752,201,1.8694
AS210644,86272,196,0.2272
AS12479,14398976,195,0.0014
AS17511,3059712,193,0.0063
AS15943,354560,192,0.0542
AS7029,12817920,192,0.0015
AS30036,1622784,188,0.0116
AS6181,1378304,184,0.0133
AS29518,850688,176,0.0207
AS719,3829504,176,0.0046
AS17858,20602880,163,0.0008
AS210715,2304,160,6.9444
AS8422,577280,156,0.0270
AS199715,15616,152,0.9734
AS6871,2138880,152,0.0071
AS6830,5190656,151,0.0029
AS4804,9008384,148,0.0016
AS29802,393472,144,0.0366
AS4771,684800,144,0.0210
AS11776,1660928,142,0.0085
AS13285,9940736,142,0.0014
AS15435,283648,142,0.0501
AS13335,2556672,140,0.0055
AS200436,3072,137,4.4596
AS49581,8192,137,1.6724
AS141995,52480,135,0.2572
AS6079,1652224,135,0.0082
AS2514,2617344,134,0.0051
AS47377,1237760,134,0.0108
AS30722,7065344,133,0.0019
AS3243,1844224,133,0.0072
AS400799,1024,133,12.9883
AS9790,635648,133,0.0209
AS148981,33792,131,0.3877
AS3292,5308672,131,0.0025
AS12083,1251840,130,0.0104
AS22927,5095936,130,0.0026
AS7303,18929664,130,0.0007
AS30455,6912,124,1.7940
AS4808,14176000,123,0.0009
AS7992,874752,123,0.0141
AS40676,199424,122,0.0612
AS4760,3885568,122,0.0031
AS5645,846848,122,0.0144
AS4788,10285312,121,0.0012
AS131662,768,120,15.6250
AS24282,89088,118,0.1325
AS1759,3611648,116,0.0032
AS199088,1280,116,9.0625
AS9269,3886336,116,0.0030
AS979,61952,115,0.1856
AS56309,27136,114,0.4201
AS9443,1277184,114,0.0089
AS1267,8875008,113,0.0013
AS58461,364032,113,0.0310
AS45102,7284480,112,0.0015
AS15704,865536,111,0.0128
AS12353,1207040,110,0.0091
AS58087,4096,110,2.6855
AS11404,848640,108,0.0127
AS29182,98816,108,0.1093
AS18126,1385984,107,0.0077
AS216188,2048,107,5.2246
AS6057,5624576,107,0.0019
AS46690,1049088,106,0.0101
AS19318,130304,105,0.0806
AS33588,832512,105,0.0126
AS397423,76032,105,0.1381
AS12430,5199872,104,0.0020
AS27699,6557696,104,0.0016
AS400529,3840,104,2.7083
AS41164,1825792,101,0.0055
AS42473,81664,100,0.1225
AS45758,2647552,100,0.0038
AS63473,21504,100,0.4650
AS12741,1600000,98,0.0061
AS9009,1329408,98,0.0074
AS9500,859392,98,0.0114
AS152699,512,97,18.9453
AS8767,522752,97,0.0186
AS16019,2295808,96,0.0042
AS198610,108800,96,0.0882
AS25019,6282752,95,0.0015
AS1403,462336,94,0.0203
AS216063,1024,94,9.1797
AS7684,364032,94,0.0258
AS13037,530944,93,0.0175
AS3737,700928,93,0.0133
AS46375,816640,92,0.0113
AS203953,33792,91,0.2693
AS2518,3670528,91,0.0025
AS19901,2461440,90,0.0037
AS262287,146688,90,0.0614
AS202520,1536,87,5.6641
AS48678,28160,86,0.3054
AS12271,2930944,85,0.0029
AS13977,562688,85,0.0151
AS197071,26880,85,0.3162
AS803,521984,85,0.0163
AS135918,28672,82,0.2860
AS216129,768,82,10.6771
AS30277,39936,82,0.2053
AS7552,19407616,82,0.0004
AS10143,411648,81,0.0197
AS56041,4783104,77,0.0016
AS18403,6119936,76,0.0012
AS212317,93184,76,0.0816
AS62336,83200,76,0.0913
AS11260,583168,75,0.0129
AS13030,161792,75,0.0464
AS14618,18342656,75,0.0004
AS25369,134144,75,0.0559
AS28573,11131904,75,0.0007
AS15108,269056,74,0.0275
AS15502,1277696,74,0.0058
AS200350,199936,74,0.0370
AS207252,4608,74,1.6059
AS39642,561152,74,0.0132
AS12400,9009152,73,0.0008
AS2116,1810432,73,0.0040
AS8764,1413632,73,0.0052
AS9370,341248,73,0.0214
AS134697,12544,72,0.5740
AS63018,29696,72,0.2425
AS25255,1016832,71,0.0070
AS44869,333824,71,0.0213
AS5391,1290496,71,0.0055
AS60798,8448,71,0.8404
AS137699,16896,70,0.4143
AS133481,473600,68,0.0144
AS6315,93952,68,0.0724
AS3249,603392,67,0.0111
AS398395,13312,67,0.5033
AS6878,44288,67,0.1513
AS12119,191744,66,0.0344
AS204035,12288,66,0.5371
AS38283,385536,66,0.0171
AS6799,3891712,66,0.0017
AS134090,13568,65,0.4791
AS9371,306176,64,0.0209
AS15366,30720,62,0.2018
AS2519,1492736,62,0.0042
AS27364,316160,62,0.0196
AS7459,631552,62,0.0098
AS17552,1656320,61,0.0037
AS214382,768,61,7.9427
AS62000,6144,61,0.9928
AS204104,4352,60,1.3787
AS37611,445696,60,0.0135
AS9506,1426944,60,0.0042
AS9824,10315776,60,0.0006
AS12576,4875008,58,0.0012
AS13036,991232,57,0.0058
AS45899,23720704,57,0.0002
AS201838,235264,56,0.0238
AS32097,97280,56,0.0576
AS55430,1353472,56,0.0041
AS12874,7367936,55,0.0007
AS133480,11008,55,0.4996
AS203446,1792,55,3.0692
AS212508,1536,55,3.5807
AS47436,1792,55,3.0692
AS5384,11559424,55,0.0005
AS8339,245504,55,0.0224
AS12392,791552,54,0.0068
AS132203,2207488,54,0.0024
AS26599,20952832,54,0.0003
AS58507,359168,54,0.0150
AS18881,8538880,53,0.0006
AS6855,667392,53,0.0079
AS21334,1706752,52,0.0030
AS23724,2566912,52,0.0020
AS393905,1536,52,3.3854
AS46475,140544,52,0.0370
AS55850,109312,52,0.0476
AS215439,3072,51,1.6602
AS2860,3328000,51,0.0015
AS4922,424704,51,0.0120
AS58955,12800,51,0.3984
AS14586,4608,50,1.0851
AS26827,116224,50,0.0430
AS13045,176128,48,0.0273
AS9416,2795264,48,0.0017
AS211301,1536,47,3.0599
AS4685,1277952,47,0.0037
AS6739,2849024,47,0.0016
AS8167,9510912,47,0.0005
AS10010,1644288,46,0.0028
AS11814,397312,46,0.0116
AS7122,507392,46,0.0091
AS13110,167424,44,0.0263
AS138156,8192,44,0.5371
AS2497,3864064,44,0.0011
AS47583,422912,44,0.0104
AS57370,62464,44,0.0704
AS12605,254976,43,0.0169
AS206238,17920,43,0.2400
AS215039,768,43,5.5990
AS53667,36864,43,0.1166
AS5603,1803776,43,0.0024
AS7679,696320,43,0.0062
AS9304,4275968,43,0.0010
AS13101,140288,42,0.0299
AS13627,1280,42,3.2812
AS149766,4608,42,0.9115
AS197309,4608,42,0.9115
AS140292,990720,41,0.0041
AS17506,5508096,41,0.0007
AS208226,2560,41,1.6016
AS212655,37120,41,0.1105
AS21499,73216,41,0.0560
AS29066,243712,41,0.0168
AS34779,224768,41,0.0182
AS39383,2304,41,1.7795
AS56694,19968,41,0.2053
AS6697,1721088,41,0.0024
AS8047,349440,41,0.0117
AS133159,21504,40,0.1860
AS43278,4096,40,0.9766
AS56329,110592,40,0.0362
AS137409,80896,38,0.0470
AS206216,3072,38,1.2370
AS22047,2977024,38,0.0013
AS270764,2304,38,1.6493
AS29222,57088,38,0.0666
AS400519,3328,38,1.1418
AS4773,723456,38,0.0053
AS56478,201728,38,0.0188
AS20412,215808,37,0.0171
AS206446,7936,37,0.4662
AS23884,83456,37,0.0443
AS34087,210432,37,0.0176
AS397142,27904,37,0.1326
AS9105,2687232,37,0.0014
AS23969,5704192,36,0.0006
AS398721,154880,36,0.0232
AS50340,185860,36,0.0194
AS12578,506880,35,0.0069
AS142032,98816,35,0.0354
AS15169,14028032,35,0.0002
AS19437,69376,35,0.0504
AS208161,9728,35,0.3598
AS208677,51712,35,0.0677
AS26615,16596224,35,0.0002
AS26863,5376,35,0.6510
AS31775,37888,35,0.0924
AS13490,402432,34,0.0084
AS31012,163840,34,0.0208
AS38841,1600768,34,0.0021
AS4226,40448,34,0.0841
AS44489,55808,34,0.0609
AS7738,20343808,34,0.0002
AS8866,1211907,34,0.0028
AS10242,119296,33,0.0277
AS211750,2560,33,1.2891
AS212477,35072,33,0.0941
AS33387,57344,33,0.0575
AS147176,4096,32,0.7812
AS35916,2365696,32,0.0014
AS5466,1111296,32,0.0029
AS54858,85248,32,0.0375
AS9299,4312832,32,0.0007
AS135905,197632,31,0.0157
AS14593,306944,31,0.0101
AS198825,768,31,4.0365
AS20011,1226496,31,0.0025
AS200136,512,31,6.0547
AS204151,12800,31,0.2422
AS20454,173568,31,0.0179
AS207992,4608,31,0.6727
AS393552,55040,31,0.0563
AS5610,2251264,31,0.0014
AS11845,453376,30,0.0066
AS13428,207616,30,0.0144
AS136190,119552,30,0.0251
AS137690,13824,30,0.2170
AS14051,185856,30,0.0161
AS215238,2816,30,1.0653
AS23655,305408,30,0.0098
AS29314,618752,30,0.0048
AS31042,883456,30,0.0034
AS34534,2048,30,1.4648
AS42610,531200,30,0.0056
AS44477,290338,30,0.0103
AS11878,146944,28,0.0191
AS12312,620288,28,0.0045
AS135004,512,28,5.4688
AS200924,19200,28,0.1458
AS201106,14351,28,0.1951
AS204274,66560,28,0.0421
AS20676,1202176,28,0.0023
AS212219,5888,28,0.4755
AS215339,512,28,5.4688
AS215590,10752,28,0.2604
AS216071,71936,28,0.0389
AS27747,1099008,28,0.0025
AS37680,137216,28,0.0204
AS44656,10496,28,0.2668
AS6939,616960,28,0.0045
AS8400,1031936,28,0.0027
AS9930,837376,28,0.0033
AS12586,256000,27,0.0105
AS15796,98304,27,0.0275
AS1680,1592320,27,0.0017
AS20857,170496,27,0.0158
AS215703,2048,27,1.3184
AS35244,162560,27,0.0166
AS42652,112640,27,0.0240
AS6300,221440,27,0.0122
AS8648,84736,27,0.0319
AS16202,237568,26,0.0109
AS17621,1292288,26,0.0020
AS19165,535808,26,0.0049
AS60781,495104,26,0.0053
AS9031,94976,26,0.0274
AS9121,14585600,26,0.0002
AS137718,289536,25,0.0086
AS13830,4608,25,0.5425
AS212815,2048,25,1.2207
AS22612,127680,25,0.0196
AS24560,3672832,25,0.0007
AS25512,117760,25,0.0212
AS2586,172288,25,0.0145
AS26042,12544,25,0.1993
AS3212,350720,25,0.0071
AS3816,4136192,25,0.0006
AS11976,240128,24,0.0100
AS12735,136704,24,0.0176
AS16342,283648,24,0.0085
AS206067,1008896,24,0.0024
AS209604,3584,24,0.6696
AS21283,325632,24,0.0074
AS215413,768,24,3.1250
AS23473,212736,24,0.0113
AS25820,405504,24,0.0059
AS35986,341504,24,0.0070
AS398113,66560,24,0.0361
AS40509,68608,24,0.0350
AS41075,23808,24,0.1008
AS41998,82688,24,0.0290
AS4609,746752,24,0.0032
AS49981,69632,24,0.0345
AS53449,65536,24,0.0366
AS56300,41472,24,0.0579
AS7522,594944,24,0.0040
AS8437,650752,24,0.0037
AS8445,233984,24,0.0103
AS134351,8704,23,0.2642
AS197695,110848,23,0.0207
AS19969,37120,23,0.0620
AS214309,256,23,8.9844
AS31034,287744,23,0.0080
AS32133,121856,23,0.0189
AS3786,8807680,23,0.0003
AS393238,37376,23,0.0615
AS40788,203520,23,0.0113
AS53006,589824,23,0.0039
AS57043,61440,23,0.0374
AS7713,8134400,23,0.0003
AS12360,59904,22,0.0367
AS135887,891392,22,0.0025
AS15600,321280,22,0.0068
AS15659,238336,22,0.0092
AS1836,490752,22,0.0045
AS204928,1024,22,2.1484
AS216425,4096,22,0.5371
AS39699,60416,22,0.0364
AS397412,124928,22,0.0176
AS401263,2560,22,0.8594
AS4739,2885120,22,0.0008
AS5056,503552,22,0.0044
AS7057,55552,22,0.0396
AS8612,801792,22,0.0027
AS11290,417280,21,0.0050
AS19045,22272,21,0.0943
AS20712,146178,21,0.0144
AS210278,656384,21,0.0032
AS215391,768,21,2.7344
AS27651,1002496,21,0.0021
AS32244,256000,21,0.0082
AS4811,183296,21,0.0115
AS49505,580105,21,0.0036
AS49683,8192,21,0.2563
AS9158,2315776,21,0.0009
AS12389,16810752,20,0.0001
AS1241,1257216,20,0.0016
AS12552,677632,20,0.0030
AS200080,256,20,7.8125
AS211056,5120,20,0.3906
AS21412,158464,20,0.0126
AS31863,47872,20,0.0418
AS34989,11520,20,0.1736
AS35612,402432,20,0.0050
AS36007,29184,20,0.0685
AS37457,2542848,20,0.0008
AS51809,12544,20,0.1594
AS680,7978240,20,0.0003
AS11664,619776,18,0.0029
AS12849,429312,18,0.0042
AS137872,249344,18,0.0072
AS146817,18944,18,0.0950
AS15081,50944,18,0.0353
AS18526,3072,18,0.5859
AS203758,2304,18,0.7812
AS207994,1280,18,1.4062
AS208208,2560,18,0.7031
AS209040,20480,18,0.0879
AS20910,288256,18,0.0062
AS224,1050176,18,0.0017
AS23650,133376,18,0.0135
AS29580,251392,18,0.0072
AS34984,2152192,18,0.0008
AS398986,512,18,3.5156
AS400475,3072,18,0.5859
AS4385,65792,18,0.0274
AS44034,1007616,18,0.0018
AS4581,51968,18,0.0346
AS48101,56832,18,0.0317
AS51265,64512,18,0.0279
AS56048,2066432,18,0.0009
AS61053,8960,18,0.2009
AS8758,138496,18,0.0130
AS9198,3419904,18,0.0005
AS11796,107008,17,0.0159
AS131596,874240,17,0.0019
AS13693,265472,17,0.0064
AS14615,255232,17,0.0067
AS15763,104448,17,0.0163
AS16904,126720,17,0.0134
AS17306,602624,17,0.0028
AS206170,6400,17,0.2656
AS213155,376832,17,0.0045
AS21409,58624,17,0.0290
AS214409,256,17,6.6406
AS23700,2267136,17,0.0007
AS24651,103680,17,0.0164
AS24806,46336,17,0.0367
AS25668,128512,17,0.0132
AS2852,858112,17,0.0020
AS34244,58112,17,0.0293
AS40065,636416,17,0.0027
AS41508,11264,17,0.1509
AS44735,47104,17,0.0361
AS48282,25088,17,0.0678
AS56106,3328,17,0.5108
AS56655,6912,17,0.2459
AS60631,14592,17,0.1165
AS6810,276736,17,0.0061
AS11090,68096,16,0.0235
AS11272,271104,16,0.0059
AS11550,51456,16,0.0311
AS12390,262400,16,0.0061
AS14291,54016,16,0.0296
AS15353,1536,16,1.0417
AS18796,512,16,3.1250
AS197524,52224,16,0.0306
AS199636,37888,16,0.0422
AS201364,2816,16,0.5682
AS207451,256,16,6.2500
AS208102,1024,16,1.5625
AS21021,634624,16,0.0025
AS212396,2816,16,0.5682
AS21263,47872,16,0.0334
AS214320,256,16,6.2500
AS30041,47616,16,0.0336
AS3329,2410240,16,0.0007
AS396338,88576,16,0.0181
AS397031,7168,16,0.2232
AS400619,176384,16,0.0091
AS400810,5632,16,0.2841
AS42831,123648,16,0.0129
AS43581,6145,16,0.2604
AS45458,301312,16,0.0053
AS49808,48384,16,0.0331
AS50131,14336,16,0.1116
AS53407,15360,16,0.1042
AS61998,3072,16,0.5208
AS8308,313344,16,0.0051
AS8796,253184,16,0.0063
AS13370,64000,15,0.0234
AS139659,18688,15,0.0803
AS140815,18432,15,0.0814
AS142299,7168,15,0.2093
AS15440,57600,15,0.0260
AS15962,359936,15,0.0042
AS1659,6082304,15,0.0002
AS18081,868352,15,0.0017
AS198440,27392,15,0.0548
AS198930,34816,15,0.0431
AS200202,512,15,2.9297
AS201814,28672,15,0.0523
AS202613,34816,15,0.0431
AS205090,8704,15,0.1723
AS207375,26112,15,0.0574
AS210030,512,15,2.9297
AS214915,512,15,2.9297
AS215365,768,15,1.9531
AS23304,9984,15,0.1502
AS27176,20992,15,0.0715
AS32277,62976,15,0.0238
AS33885,118784,15,0.0126
AS395662,73216,15,0.0205
AS39608,275712,15,0.0054
AS40029,50176,15,0.0299
AS44592,15360,15,0.0977
AS47447,38400,15,0.0391
AS4780,4989696,15,0.0003
AS54936,97792,15,0.0153
AS6821,557312,15,0.0027
AS9534,1154048,15,0.0013
AS9617,2326528,15,0.0006
AS12414,188160,14,0.0074
AS13614,78080,14,0.0179
AS18144,291840,14,0.0048
AS197649,768,14,1.8229
AS198726,24064,14,0.0582
AS20135,64256,14,0.0218
AS202448,17664,14,0.0793
AS204997,10240,14,0.1367
AS208621,2304,14,0.6076
AS212607,512,14,2.7344
AS214996,3584,14,0.3906
AS215027,1024,14,1.3672
AS216127,7680,14,0.1823
AS23889,2307072,14,0.0006
AS26253,33536,14,0.0417
AS26347,176128,14,0.0079
AS30083,81408,14,0.0172
AS30432,28416,14,0.0493
AS3308,317440,14,0.0044
AS35706,70656,14,0.0198
AS36149,339456,14,0.0041
AS36223,23552,14,0.0594
AS3842,44800,14,0.0312
AS40545,82176,14,0.0170
AS42708,157985,14,0.0089
AS4847,5234944,14,0.0003
AS50673,68096,14,0.0206
AS553,2716672,14,0.0005
AS13188,414720,13,0.0031
AS133296,71424,13,0.0182
AS13489,2316032,13,0.0006
AS141968,4864,13,0.2673
AS17557,8004096,13,0.0002
AS18371,81664,13,0.0159
AS18450,137984,13,0.0094
AS19331,148736,13,0.0087
AS199654,1280,13,1.0156
AS203380,7680,13,0.1693
AS207790,138240,13,0.0094
AS2110,437760,13,0.0030
AS211381,10496,13,0.1239
AS215232,256,13,5.0781
AS216030,1792,13,0.7254
AS24971,58880,13,0.0221
AS29447,2424832,13,0.0005
AS35179,20480,13,0.0635
AS35699,137728,13,0.0094
AS36012,30208,13,0.0430
AS36231,7936,13,0.1638
AS393442,87808,13,0.0148
AS395748,11520,13,0.1128
AS40237,47616,13,0.0273
AS45177,77312,13,0.0168
AS4648,76800,13,0.0169
AS51184,12800,13,0.1016
AS51896,19968,13,0.0651
AS52053,1536,13,0.8464
AS57494,12544,13,0.1036
AS6400,1530368,13,0.0008
AS9063,74496,13,0.0175
AS9908,2375680,13,0.0005
AS10013,1970944,12,0.0006
AS1133,65536,12,0.0183
AS11556,2351872,12,0.0005
AS12338,667648,12,0.0018
AS12611,57856,12,0.0207
AS134774,59392,12,0.0202
AS13576,194304,12,0.0062
AS136557,22272,12,0.0539
AS136994,39936,12,0.0300
AS16527,75520,12,0.0159
AS17816,3900160,12,0.0003
AS197019,10240,12,0.1172
AS201290,13568,12,0.0884
AS202673,2304,12,0.5208
AS206286,1536,12,0.7812
AS209242,126720,12,0.0095
AS210619,22016,12,0.0545
AS211180,256,12,4.6875
AS215362,768,12,1.5625
AS23404,83456,12,0.0144
AS2607,1051648,12,0.0011
AS27425,55552,12,0.0216
AS29933,123392,12,0.0097
AS31027,285184,12,0.0042
AS3132,203264,12,0.0059
AS31543,36608,12,0.0328
AS32526,768,12,1.5625
AS3258,25088,12,0.0478
AS35847,77824,12,0.0154
AS36556,34816,12,0.0345
AS393458,2048,12,0.5859
AS394838,16896,12,0.0710
AS397373,51456,12,0.0233
AS399282,2560,12,0.4688
AS399898,120576,12,0.0100
AS42675,6912,12,0.1736
AS44066,159744,12,0.0075
AS46293,34304,12,0.0350
AS50821,60416,12,0.0199
AS54290,328192,12,0.0037
AS55933,336640,12,0.0036
AS60377,17408,12,0.0689
AS62214,17664,12,0.0679
AS6661,220160,12,0.0055
AS10838,171520,11,0.0064
AS1103,7220992,11,0.0002
AS12302,1926144,11,0.0006
AS12496,20736,11,0.0530
AS14638,720384,11,0.0015
AS15221,27648,11,0.0398
AS15321,49920,11,0.0220
AS15895,976640,11,0.0011
AS18182,912896,11,0.0012
AS18390,128256,11,0.0086
AS18419,376064,11,0.0029
AS198831,768,11,1.4323
AS199829,256,11,4.2969
AS200845,350208,11,0.0031
AS205714,131072,11,0.0084
AS210893,5376,11,0.2046
AS211557,2304,11,0.4774
AS212531,39936,11,0.0275
AS215664,512,11,2.1484
AS215904,1024,11,1.0742
AS2200,2450432,11,0.0004
AS24164,977152,11,0.0011
AS25921,103168,11,0.0107
AS270824,2304,11,0.4774
AS28126,255488,11,0.0043
AS30764,224512,11,0.0049
AS31122,213760,11,0.0051
AS33616,87808,11,0.0125
AS33796,35328,11,0.0311
AS35007,9984,11,0.1102
AS36103,71680,11,0.0153
AS36903,2437888,11,0.0005
AS36994,1065216,11,0.0010
AS395965,132352,11,0.0083
AS39704,20224,11,0.0544
AS41110,18432,11,0.0597
AS44803,6912,11,0.1591
AS4538,39488260,11,0.0000
AS49544,111104,11,0.0099
AS53508,110848,11,0.0099
AS5413,743168,11,0.0015
AS559,2184960,11,0.0005
AS55900,39936,11,0.0275
AS8468,361728,11,0.0030
AS8680,76800,11,0.0143
AS9136,31488,11,0.0349
AS11847,46080,10,0.0217
AS12334,443392,10,0.0023
AS12355,124160,10,0.0081
AS12709,1053952,10,0.0009
AS12969,336640,10,0.0030
AS13213,239104,10,0.0042
AS135377,170237,10,0.0059
AS13855,26112,10,0.0383
AS138915,178176,10,0.0056
AS141739,108544,10,0.0092
AS142594,5888,10,0.1698
AS18530,75520,10,0.0132
AS19201,50432,10,0.0198
AS197226,13312,10,0.0751
AS198967,63744,10,0.0157
AS200651,5632,10,0.1776
AS205021,768,10,1.3021
AS207143,11008,10,0.0908
AS207592,74496,10,0.0134
AS210079,28160,10,0.0355
AS211339,256,10,3.9062
AS21211,75264,10,0.0133
AS21497,1775360,10,0.0006
AS22379,48128,10,0.0208
AS22709,80384,10,0.0124
AS25472,931584,10,0.0011
AS265919,4352,10,0.2298
AS27665,148736,10,0.0067
AS28343,414720,10,0.0024
AS32613,266240,10,0.0038
AS32668,256,10,3.9062
AS32890,19456,10,0.0514
AS33566,101376,10,0.0099
AS33604,16384,10,0.0610
AS35518,40960,10,0.0244
AS395354,96768,10,0.0103
AS39857,20480,10,0.0488
AS400164,12288,10,0.0814
AS40654,2048,10,0.4883
AS40994,2816,10,0.3551
AS41897,104704,10,0.0096
AS42560,161536,10,0.0062
AS42772,347392,10,0.0029
AS42841,50176,10,0.0199
AS43939,247040,10,0.0040
AS44134,8192,10,0.1221
AS45179,15360,10,0.0651
AS4540,65024,10,0.0154
AS49242,15616,10,0.0640
AS56030,102144,10,0.0098
AS57112,32000,10,0.0312
AS57367,15104,10,0.0662
AS60439,3840,10,0.2604
AS6866,1182208,10,0.0008
AS8402,3175936,10,0.0003
AS8972,132864,10,0.0075
AS9316,1810432,10,0.0006
AS9354,200704,10,0.0050
AS9829,12146432,10,0.0001
AS10835,133376,8,0.0060
AS12097,67328,8,0.0119
AS12824,207104,8,0.0039
AS13000,77056,8,0.0104
AS13156,319488,8,0.0025
AS13170,62464,8,0.0128
AS13189,63232,8,0.0127
AS136258,16128,8,0.0496
AS136907,924160,8,0.0009
AS137702,99584,8,0.0080
AS13999,3250176,8,0.0002
AS14117,894208,8,0.0009
AS14155,49152,8,0.0163
AS14315,16896,8,0.0473
AS15296,21504,8,0.0372
AS17451,125696,8,0.0064
AS17529,135168,8,0.0059
AS17551,35584,8,0.0225
AS18106,79616,8,0.0100
AS18712,113920,8,0.0070
AS19429,2036480,8,0.0004
AS197637,29440,8,0.0272
AS202053,52736,8,0.0152
AS202870,23808,8,0.0336
AS204779,2048,8,0.3906
AS207645,14336,8,0.0558
AS207821,2816,8,0.2841
AS209641,23040,8,0.0347
AS210218,77568,8,0.0103
AS211588,1024,8,0.7812
AS21413,92672,8,0.0086
AS215540,32256,8,0.0248
AS215826,3584,8,0.2232
AS21766,108544,8,0.0074
AS21949,130816,8,0.0061
AS22653,59904,8,0.0134
AS23089,572416,8,0.0014
AS25764,21248,8,0.0377
AS29119,618752,8,0.0013
AS30325,34560,8,0.0231
AS30644,1792,8,0.4464
AS31103,41216,8,0.0194
AS32181,60672,8,0.0132
AS32374,2304,8,0.3472
AS32751,1792,8,0.4464
AS328364,8704,8,0.0919
AS3356,37640928,8,0.0000
AS35467,45056,8,0.0178
AS35470,49664,8,0.0161
AS37153,218112,8,0.0037
AS38424,12288,8,0.0651
AS39421,1536,8,0.5208
AS399334,2304,8,0.3472
AS400304,8448,8,0.0947
AS400427,38912,8,0.0206
AS42611,51456,8,0.0155
AS43341,52736,8,0.0152
AS44133,5632,8,0.1420
AS47887,53504,8,0.0150
AS49375,8192,8,0.0977
AS51132,25344,8,0.0316
AS51396,3584,8,0.2232
AS54198,287744,8,0.0028
AS54614,316672,8,0.0025
AS58466,169216,8,0.0047
AS58610,6144,8,0.1302
AS6147,2628096,8,0.0003
AS62618,70144,8,0.0114
AS6677,140800,8,0.0057
AS8452,16102144,8,0.0000
AS9050,1769728,8,0.0005
AS11448,25088,7,0.0279
AS11961,29184,7,0.0240
AS12301,344064,7,0.0020
AS12759,25600,7,0.0273
AS13127,757504,7,0.0009
AS136523,5376,7,0.1302
AS13807,106752,7,0.0066
AS13886,67840,7,0.0103
AS139180,5120,7,0.1367
AS139648,13824,7,0.0506
AS140220,45824,7,0.0153
AS140885,768,7,0.9115
AS14828,56064,7,0.0125
AS15516,340992,7,0.0021
AS15547,134144,7,0.0052
AS16010,448768,7,0.0016
AS16232,2039808,7,0.0003
AS1653,616960,7,0.0011
AS16717,24832,7,0.0282
AS16863,96000,7,0.0073
AS17488,1010432,7,0.0007
AS17931,20480,7,0.0342
AS17962,1136896,7,0.0006
AS18049,636672,7,0.0011
AS18474,42496,7,0.0165
AS19181,2560,7,0.2734
AS19527,2004736,7,0.0003
AS198570,23808,7,0.0294
AS199468,7424,7,0.0943
AS199707,3328,7,0.2103
AS200303,7680,7,0.0911
AS20283,36608,7,0.0191
AS204094,1024,7,0.6836
AS204490,10753,7,0.0651
AS204601,48640,7,0.0144
AS205733,3072,7,0.2279
AS20686,86272,7,0.0081
AS207713,5632,7,0.1243
AS207995,33792,7,0.0207
AS20810,20224,7,0.0346
AS211309,21760,7,0.0322
AS213094,4352,7,0.1608
AS215881,256,7,2.7344
AS216154,5120,7,0.1367
AS216246,4352,7,0.1608
AS21769,314368,7,0.0022
AS24608,327680,7,0.0021
AS24751,50432,7,0.0139
AS25840,12032,7,0.0582
AS26832,10496,7,0.0667
AS268624,2560,7,0.2734
AS26919,20992,7,0.0333
AS272432,30464,7,0.0230
AS2840,14336,7,0.0488
AS29413,30208,7,0.0232
AS30247,14336,7,0.0488
AS31615,606208,7,0.0012
AS31655,575800,7,0.0012
AS31786,512,7,1.3672
AS32505,47360,7,0.0148
AS327782,199168,7,0.0035
AS35132,47104,7,0.0149
AS37002,166144,7,0.0042
AS39090,9728,7,0.0720
AS395092,24576,7,0.0285
AS395846,37120,7,0.0189
AS398025,90112,7,0.0078
AS39912,50176,7,0.0140
AS400662,31744,7,0.0221
AS40156,10240,7,0.0684
AS41843,120064,7,0.0058
AS42422,3840,7,0.1823
AS43529,43008,7,0.0163
AS43708,24064,7,0.0291
AS43915,35584,7,0.0197
